phase,altitude_m,mach,alpha_fpf,alpha_vpf,cd_fpf,cd_vpf,delta_cd,ratio_cd,ld_fpf,ld_vpf
takeoff,0.000000,0.250000,7.000000,7.000000,0.017067,0.017067,0.000000,1.000000,42.360755,42.360755
climb,5000.000000,0.600000,7.000000,7.000000,0.025000,0.025000,0.000000,1.000000,35.000000,35.000000
cruise,11000.000000,0.800000,7.000000,7.000000,0.044444,0.044444,0.000000,1.000000,26.250000,26.250000
descent,7000.000000,0.650000,7.000000,7.000000,0.027706,0.027706,0.000000,1.000000,33.247122,33.247122
approach,500.000000,0.300000,7.000000,7.000000,0.017582,0.017582,0.000000,1.000000,41.734840,41.734840
