phase,altitude_m,mach,alpha_fpf,alpha_vpf,cd_fpf,cd_vpf,delta_cd,ratio_cd,ld_fpf,ld_vpf
takeoff,0.000000,0.250000,3.500000,7.000000,0.011200,0.017067,0.005867,1.523810,32.274861,42.360755
climb,5000.000000,0.600000,4.200000,7.000000,0.017500,0.025000,0.007500,1.428571,30.000000,35.000000
cruise,11000.000000,0.800000,4.600000,7.000000,0.032222,0.044444,0.012222,1.379310,23.793103,26.250000
descent,7000.000000,0.650000,4.300000,7.000000,0.019567,0.027706,0.008139,1.415929,28.917850,33.247122
approach,500.000000,0.300000,3.600000,7.000000,0.011648,0.017582,0.005934,1.509434,32.397935,41.734840
