phase,mach,alpha_min_cd,alpha_fpf,delta_alpha_pitch,cd_at_alpha_min,cd_fpf,delta_cd,ratio_cd
takeoff,0.250000,-1.000000,-1.000000,0.000000,0.009387,0.009387,0.000000,1.000000
climb,0.600000,-1.000000,-1.000000,0.000000,0.013750,0.013750,0.000000,1.000000
cruise,0.800000,-1.000000,-1.000000,0.000000,0.024444,0.024444,0.000000,1.000000
descent,0.650000,-1.000000,-1.000000,0.000000,0.015238,0.015238,0.000000,1.000000
approach,0.300000,-1.000000,-1.000000,0.000000,0.009670,0.009670,0.000000,1.000000
